"PRODUCTID","TOTALORDERSPERPRODUCT"
1,154
1,154
1,154
1,154
1,154
1,154
1,154
1,154
1,154
1,154
1,154
1,154
1,154
1,154
1,154
1,154
1,154
1,154
1,154
1,154
1,154
1,154
1,154
1,154
1,154
1,154
1,154
1,154
1,154
1,154
1,154
1,154
1,154
1,154
1,154
1,154
1,154
1,154
1,154
1,154
1,154
1,154
1,154
1,154
1,154
1,154
1,154
1,154
1,154
1,154
1,154
2,150
2,150
2,150
2,150
2,150
2,150
2,150
2,150
2,150
2,150
2,150
2,150
2,150
2,150
2,150
2,150
2,150
2,150
2,150
2,150
2,150
2,150
2,150
2,150
2,150
2,150
2,150
2,150
2,150
2,150
2,150
2,150
2,150
2,150
2,150
2,150
2,150
2,150
2,150
2,150
2,150
2,150
2,150
2,150
2,150
2,150
2,150
2,150
2,150
2,150
4,153
4,153
4,153
4,153
4,153
4,153
4,153
4,153
4,153
4,153
4,153
4,153
4,153
4,153
4,153
4,153
4,153
4,153
4,153
4,153
4,153
4,153
4,153
4,153
4,153
4,153
4,153
4,153
4,153
4,153
4,153
4,153
4,153
4,153
4,153
4,153
4,153
4,153
4,153
4,153
4,153
4,153
4,153
4,153
4,153
4,153
4,153
4,153
4,153
4,153
4,153
317,44000
317,44000
317,44000
317,44000
317,44000
317,44000
317,44000
317,44000
317,44000
317,44000
317,44000
317,44000
317,44000
317,44000
317,44000
317,44000
317,44000
317,44000
317,44000
317,44000
317,44000
317,44000
317,44000
317,44000
317,44000
317,44000
317,44000
317,44000
317,44000
317,44000
317,44000
317,44000
317,44000
317,44000
317,44000
317,44000
317,44000
317,44000
317,44000
317,44000
317,44000
317,44000
317,44000
317,44000
317,44000
317,44000
317,44000
317,44000
317,44000
317,44000
317,44000
317,44000
317,44000
317,44000
317,44000
317,44000
317,44000
317,44000
317,44000
317,44000
317,44000
317,44000
317,44000
317,44000
317,44000
317,44000
317,44000
317,44000
317,44000
317,44000
317,44000
317,44000
317,44000
317,44000
317,44000
317,44000
317,44000
317,44000
317,44000
317,44000
318,44000
318,44000
318,44000
318,44000
318,44000
318,44000
318,44000
318,44000
318,44000
318,44000
318,44000
318,44000
318,44000
318,44000
318,44000
318,44000
318,44000
318,44000
318,44000
318,44000
318,44000
318,44000
318,44000
318,44000
318,44000
318,44000
318,44000
318,44000
318,44000
318,44000
318,44000
318,44000
318,44000
318,44000
318,44000
318,44000
318,44000
318,44000
318,44000
318,44000
318,44000
318,44000
318,44000
318,44000
318,44000
318,44000
318,44000
318,44000
318,44000
318,44000
318,44000
318,44000
318,44000
318,44000
318,44000
318,44000
318,44000
318,44000
318,44000
318,44000
318,44000
318,44000
318,44000
318,44000
318,44000
318,44000
318,44000
318,44000
318,44000
318,44000
318,44000
318,44000
318,44000
318,44000
318,44000
318,44000
318,44000
318,44000
318,44000
318,44000
319,71500
319,71500
319,71500
319,71500
319,71500
319,71500
319,71500
319,71500
319,71500
319,71500
319,71500
319,71500
319,71500
319,71500
319,71500
319,71500
319,71500
319,71500
319,71500
319,71500
319,71500
319,71500
319,71500
319,71500
319,71500
319,71500
319,71500
319,71500
319,71500
319,71500
319,71500
319,71500
319,71500
319,71500
319,71500
319,71500
319,71500
319,71500
319,71500
319,71500
319,71500
319,71500
319,71500
319,71500
319,71500
319,71500
319,71500
319,71500
319,71500
319,71500
319,71500
319,71500
319,71500
319,71500
319,71500
319,71500
319,71500
319,71500
319,71500
319,71500
319,71500
319,71500
319,71500
319,71500
319,71500
319,71500
319,71500
319,71500
319,71500
319,71500
319,71500
319,71500
319,71500
319,71500
319,71500
319,71500
319,71500
319,71500
319,71500
319,71500
319,71500
319,71500
319,71500
319,71500
319,71500
319,71500
319,71500
319,71500
319,71500
319,71500
319,71500
319,71500
319,71500
319,71500
319,71500
319,71500
319,71500
319,71500
319,71500
319,71500
319,71500
319,71500
319,71500
319,71500
319,71500
319,71500
319,71500
319,71500
319,71500
319,71500
319,71500
319,71500
319,71500
319,71500
319,71500
319,71500
319,71500
319,71500
319,71500
319,71500
319,71500
319,71500
319,71500
319,71500
319,71500
319,71500
319,71500
319,71500
319,71500
319,71500
320,375
320,375
320,375
320,375
320,375
320,375
320,375
320,375
320,375
320,375
320,375
320,375
320,375
320,375
320,375
320,375
320,375
320,375
320,375
320,375
320,375
320,375
320,375
320,375
320,375
320,375
320,375
320,375
320,375
320,375
320,375
320,375
320,375
320,375
320,375
320,375
320,375
320,375
320,375
320,375
320,375
320,375
320,375
320,375
320,375
320,375
320,375
320,375
320,375
320,375
320,375
320,375
320,375
320,375
320,375
320,375
320,375
320,375
320,375
320,375
320,375
320,375
320,375
320,375
320,375
320,375
320,375
320,375
320,375
320,375
320,375
320,375
320,375
320,375
320,375
320,375
320,375
320,375
320,375
320,375
320,375
320,375
320,375
320,375
320,375
320,375
320,375
320,375
320,375
320,375
320,375
320,375
320,375
320,375
320,375
320,375
320,375
320,375
320,375
320,375
320,375
320,375
320,375
320,375
320,375
320,375
320,375
320,375
320,375
320,375
320,375
320,375
320,375
320,375
320,375
320,375
320,375
320,375
320,375
320,375
320,375
320,375
320,375
320,375
320,375
321,375
321,375
321,375
321,375
321,375
321,375
321,375
321,375
321,375
321,375
321,375
321,375
321,375
321,375
321,375
321,375
321,375
321,375
321,375
321,375
321,375
321,375
321,375
321,375
321,375
321,375
321,375
321,375
321,375
321,375
321,375
321,375
321,375
321,375
321,375
321,375
321,375
321,375
321,375
321,375
321,375
321,375
321,375
321,375
321,375
321,375
321,375
321,375
321,375
321,375
321,375
321,375
321,375
321,375
321,375
321,375
321,375
321,375
321,375
321,375
321,375
321,375
321,375
321,375
321,375
321,375
321,375
321,375
321,375
321,375
321,375
321,375
321,375
321,375
321,375
321,375
321,375
321,375
321,375
321,375
321,375
321,375
321,375
321,375
321,375
321,375
321,375
321,375
321,375
321,375
321,375
321,375
321,375
321,375
321,375
321,375
321,375
321,375
321,375
321,375
321,375
321,375
321,375
321,375
321,375
321,375
321,375
321,375
321,375
321,375
321,375
321,375
321,375
321,375
321,375
321,375
321,375
321,375
321,375
321,375
321,375
321,375
321,375
321,375
321,375
322,7440
322,7440
322,7440
322,7440
322,7440
322,7440
322,7440
322,7440
322,7440
322,7440
322,7440
322,7440
322,7440
322,7440
322,7440
322,7440
322,7440
322,7440
322,7440
322,7440
322,7440
322,7440
322,7440
322,7440
322,7440
322,7440
322,7440
322,7440
322,7440
322,7440
322,7440
322,7440
322,7440
322,7440
322,7440
322,7440
322,7440
322,7440
322,7440
322,7440
322,7440
322,7440
322,7440
322,7440
322,7440
322,7440
322,7440
322,7440
322,7440
322,7440
322,7440
322,7440
322,7440
322,7440
322,7440
322,7440
322,7440
322,7440
322,7440
322,7440
322,7440
322,7440
322,7440
322,7440
322,7440
322,7440
322,7440
322,7440
322,7440
322,7440
322,7440
322,7440
322,7440
322,7440
322,7440
322,7440
322,7440
322,7440
322,7440
322,7440
322,7440
322,7440
322,7440
322,7440
322,7440
322,7440
322,7440
322,7440
322,7440
322,7440
322,7440
322,7440
322,7440
322,7440
322,7440
322,7440
322,7440
322,7440
322,7440
322,7440
322,7440
322,7440
322,7440
322,7440
322,7440
322,7440
322,7440
322,7440
322,7440
322,7440
322,7440
322,7440
322,7440
322,7440
322,7440
322,7440
322,7440
322,7440
322,7440
322,7440
322,7440
322,7440
322,7440
322,7440
323,153
323,153
323,153
323,153
323,153
323,153
323,153
323,153
323,153
323,153
323,153
323,153
323,153
323,153
323,153
323,153
323,153
323,153
323,153
323,153
323,153
323,153
323,153
323,153
323,153
323,153
323,153
323,153
323,153
323,153
323,153
323,153
323,153
323,153
323,153
323,153
323,153
323,153
323,153
323,153
323,153
323,153
323,153
323,153
323,153
323,153
323,153
323,153
323,153
323,153
323,153
325,62500
325,62500
325,62500
325,62500
325,62500
325,62500
325,62500
325,62500
325,62500
325,62500
325,62500
325,62500
325,62500
325,62500
325,62500
325,62500
325,62500
325,62500
325,62500
325,62500
325,62500
325,62500
325,62500
325,62500
325,62500
325,62500
325,62500
325,62500
325,62500
325,62500
325,62500
325,62500
325,62500
325,62500
325,62500
325,62500
325,62500
325,62500
325,62500
325,62500
325,62500
325,62500
325,62500
325,62500
325,62500
325,62500
325,62500
325,62500
325,62500
325,62500
326,62500
326,62500
326,62500
326,62500
326,62500
326,62500
326,62500
326,62500
326,62500
326,62500
326,62500
326,62500
326,62500
326,62500
326,62500
326,62500
326,62500
326,62500
326,62500
326,62500
326,62500
326,62500
326,62500
326,62500
326,62500
326,62500
326,62500
326,62500
326,62500
326,62500
326,62500
326,62500
326,62500
326,62500
326,62500
326,62500
326,62500
326,62500
326,62500
326,62500
326,62500
326,62500
326,62500
326,62500
326,62500
326,62500
326,62500
326,62500
326,62500
326,62500
332,27500
332,27500
332,27500
332,27500
332,27500
332,27500
332,27500
332,27500
332,27500
332,27500
332,27500
332,27500
332,27500
332,27500
332,27500
332,27500
332,27500
332,27500
332,27500
332,27500
332,27500
332,27500
332,27500
332,27500
332,27500
332,27500
332,27500
332,27500
332,27500
332,27500
332,27500
332,27500
332,27500
332,27500
332,27500
332,27500
332,27500
332,27500
332,27500
332,27500
332,27500
332,27500
332,27500
332,27500
332,27500
332,27500
332,27500
332,27500
332,27500
332,27500
341,177
341,177
341,177
341,177
341,177
341,177
341,177
341,177
341,177
341,177
341,177
341,177
341,177
341,177
341,177
341,177
341,177
341,177
341,177
341,177
341,177
341,177
341,177
341,177
341,177
341,177
341,177
341,177
341,177
341,177
341,177
341,177
341,177
341,177
341,177
341,177
341,177
341,177
341,177
341,177
341,177
341,177
341,177
341,177
341,177
341,177
341,177
341,177
341,177
341,177
341,177
341,177
341,177
341,177
341,177
341,177
341,177
341,177
341,177
342,177
342,177
342,177
342,177
342,177
342,177
342,177
342,177
342,177
342,177
342,177
342,177
342,177
342,177
342,177
342,177
342,177
342,177
342,177
342,177
342,177
342,177
342,177
342,177
342,177
342,177
342,177
342,177
342,177
342,177
342,177
342,177
342,177
342,177
342,177
342,177
342,177
342,177
342,177
342,177
342,177
342,177
342,177
342,177
342,177
342,177
342,177
342,177
342,177
342,177
342,177
342,177
342,177
342,177
342,177
342,177
342,177
342,177
342,177
343,174
343,174
343,174
343,174
343,174
343,174
343,174
343,174
343,174
343,174
343,174
343,174
343,174
343,174
343,174
343,174
343,174
343,174
343,174
343,174
343,174
343,174
343,174
343,174
343,174
343,174
343,174
343,174
343,174
343,174
343,174
343,174
343,174
343,174
343,174
343,174
343,174
343,174
343,174
343,174
343,174
343,174
343,174
343,174
343,174
343,174
343,174
343,174
343,174
343,174
343,174
343,174
343,174
343,174
343,174
343,174
343,174
343,174
344,174
344,174
344,174
344,174
344,174
344,174
344,174
344,174
344,174
344,174
344,174
344,174
344,174
344,174
344,174
344,174
344,174
344,174
344,174
344,174
344,174
344,174
344,174
344,174
344,174
344,174
344,174
344,174
344,174
344,174
344,174
344,174
344,174
344,174
344,174
344,174
344,174
344,174
344,174
344,174
344,174
344,174
344,174
344,174
344,174
344,174
344,174
344,174
344,174
344,174
344,174
344,174
344,174
344,174
344,174
344,174
344,174
344,174
345,174
345,174
345,174
345,174
345,174
345,174
345,174
345,174
345,174
345,174
345,174
345,174
345,174
345,174
345,174
345,174
345,174
345,174
345,174
345,174
345,174
345,174
345,174
345,174
345,174
345,174
345,174
345,174
345,174
345,174
345,174
345,174
345,174
345,174
345,174
345,174
345,174
345,174
345,174
345,174
345,174
345,174
345,174
345,174
345,174
345,174
345,174
345,174
345,174
345,174
345,174
345,174
345,174
345,174
345,174
345,174
345,174
345,174
346,174
346,174
346,174
346,174
346,174
346,174
346,174
346,174
346,174
346,174
346,174
346,174
346,174
346,174
346,174
346,174
346,174
346,174
346,174
346,174
346,174
346,174
346,174
346,174
346,174
346,174
346,174
346,174
346,174
346,174
346,174
346,174
346,174
346,174
346,174
346,174
346,174
346,174
346,174
346,174
346,174
346,174
346,174
346,174
346,174
346,174
346,174
346,174
346,174
346,174
346,174
346,174
346,174
346,174
346,174
346,174
346,174
346,174
347,171
347,171
347,171
347,171
347,171
347,171
347,171
347,171
347,171
347,171
347,171
347,171
347,171
347,171
347,171
347,171
347,171
347,171
347,171
347,171
347,171
347,171
347,171
347,171
347,171
347,171
347,171
347,171
347,171
347,171
347,171
347,171
347,171
347,171
347,171
347,171
347,171
347,171
347,171
347,171
347,171
347,171
347,171
347,171
347,171
347,171
347,171
347,171
347,171
347,171
347,171
347,171
347,171
347,171
347,171
347,171
347,171
348,171
348,171
348,171
348,171
348,171
348,171
348,171
348,171
348,171
348,171
348,171
348,171
348,171
348,171
348,171
348,171
348,171
348,171
348,171
348,171
348,171
348,171
348,171
348,171
348,171
348,171
348,171
348,171
348,171
348,171
348,171
348,171
348,171
348,171
348,171
348,171
348,171
348,171
348,171
348,171
348,171
348,171
348,171
348,171
348,171
348,171
348,171
348,171
348,171
348,171
348,171
348,171
348,171
348,171
348,171
348,171
348,171
349,171
349,171
349,171
349,171
349,171
349,171
349,171
349,171
349,171
349,171
349,171
349,171
349,171
349,171
349,171
349,171
349,171
349,171
349,171
349,171
349,171
349,171
349,171
349,171
349,171
349,171
349,171
349,171
349,171
349,171
349,171
349,171
349,171
349,171
349,171
349,171
349,171
349,171
349,171
349,171
349,171
349,171
349,171
349,171
349,171
349,171
349,171
349,171
349,171
349,171
349,171
349,171
349,171
349,171
349,171
349,171
349,171
351,46200
351,46200
351,46200
351,46200
351,46200
351,46200
351,46200
351,46200
351,46200
351,46200
351,46200
351,46200
351,46200
351,46200
351,46200
351,46200
351,46200
351,46200
351,46200
351,46200
351,46200
351,46200
351,46200
351,46200
351,46200
351,46200
351,46200
351,46200
351,46200
351,46200
351,46200
351,46200
351,46200
351,46200
351,46200
351,46200
351,46200
351,46200
351,46200
351,46200
351,46200
351,46200
351,46200
351,46200
351,46200
351,46200
351,46200
351,46200
351,46200
351,46200
351,46200
351,46200
351,46200
351,46200
351,46200
351,46200
351,46200
351,46200
351,46200
351,46200
351,46200
351,46200
351,46200
351,46200
351,46200
351,46200
351,46200
351,46200
351,46200
351,46200
351,46200
351,46200
351,46200
351,46200
351,46200
351,46200
351,46200
351,46200
351,46200
351,46200
351,46200
351,46200
351,46200
351,46200
352,46200
352,46200
352,46200
352,46200
352,46200
352,46200
352,46200
352,46200
352,46200
352,46200
352,46200
352,46200
352,46200
352,46200
352,46200
352,46200
352,46200
352,46200
352,46200
352,46200
352,46200
352,46200
352,46200
352,46200
352,46200
352,46200
352,46200
352,46200
352,46200
352,46200
352,46200
352,46200
352,46200
352,46200
352,46200
352,46200
352,46200
352,46200
352,46200
352,46200
352,46200
352,46200
352,46200
352,46200
352,46200
352,46200
352,46200
352,46200
352,46200
352,46200
352,46200
352,46200
352,46200
352,46200
352,46200
352,46200
352,46200
352,46200
352,46200
352,46200
352,46200
352,46200
352,46200
352,46200
352,46200
352,46200
352,46200
352,46200
352,46200
352,46200
352,46200
352,46200
352,46200
352,46200
352,46200
352,46200
352,46200
352,46200
352,46200
352,46200
352,46200
352,46200
352,46200
352,46200
355,23100
355,23100
355,23100
355,23100
355,23100
355,23100
355,23100
355,23100
355,23100
355,23100
355,23100
355,23100
355,23100
355,23100
355,23100
355,23100
355,23100
355,23100
355,23100
355,23100
355,23100
355,23100
355,23100
355,23100
355,23100
355,23100
355,23100
355,23100
355,23100
355,23100
355,23100
355,23100
355,23100
355,23100
355,23100
355,23100
355,23100
355,23100
355,23100
355,23100
355,23100
355,23100
356,6060
356,6060
356,6060
356,6060
356,6060
356,6060
356,6060
356,6060
356,6060
356,6060
356,6060
356,6060
356,6060
356,6060
356,6060
356,6060
356,6060
356,6060
356,6060
356,6060
356,6060
356,6060
356,6060
356,6060
356,6060
356,6060
356,6060
356,6060
356,6060
356,6060
356,6060
356,6060
356,6060
356,6060
356,6060
356,6060
356,6060
356,6060
356,6060
356,6060
356,6060
356,6060
356,6060
356,6060
356,6060
356,6060
356,6060
356,6060
356,6060
356,6060
356,6060
356,6060
356,6060
356,6060
356,6060
356,6060
356,6060
356,6060
356,6060
356,6060
356,6060
356,6060
356,6060
356,6060
356,6060
356,6060
356,6060
356,6060
356,6060
356,6060
356,6060
356,6060
356,6060
356,6060
356,6060
356,6060
356,6060
356,6060
356,6060
356,6060
356,6060
356,6060
356,6060
356,6060
356,6060
356,6060
356,6060
356,6060
356,6060
356,6060
356,6060
356,6060
356,6060
356,6060
356,6060
356,6060
356,6060
356,6060
356,6060
356,6060
356,6060
357,6060
357,6060
357,6060
357,6060
357,6060
357,6060
357,6060
357,6060
357,6060
357,6060
357,6060
357,6060
357,6060
357,6060
357,6060
357,6060
357,6060
357,6060
357,6060
357,6060
357,6060
357,6060
357,6060
357,6060
357,6060
357,6060
357,6060
357,6060
357,6060
357,6060
357,6060
357,6060
357,6060
357,6060
357,6060
357,6060
357,6060
357,6060
357,6060
357,6060
357,6060
357,6060
357,6060
357,6060
357,6060
357,6060
357,6060
357,6060
357,6060
357,6060
357,6060
357,6060
357,6060
357,6060
357,6060
357,6060
357,6060
357,6060
357,6060
357,6060
357,6060
357,6060
357,6060
357,6060
357,6060
357,6060
357,6060
357,6060
357,6060
357,6060
357,6060
357,6060
357,6060
357,6060
357,6060
357,6060
357,6060
357,6060
357,6060
357,6060
357,6060
357,6060
357,6060
357,6060
357,6060
357,6060
357,6060
357,6060
357,6060
357,6060
357,6060
357,6060
357,6060
357,6060
357,6060
357,6060
357,6060
357,6060
357,6060
357,6060
357,6060
358,3000
358,3000
358,3000
358,3000
358,3000
358,3000
358,3000
358,3000
358,3000
358,3000
358,3000
358,3000
358,3000
358,3000
358,3000
358,3000
358,3000
358,3000
358,3000
358,3000
358,3000
358,3000
358,3000
358,3000
358,3000
358,3000
358,3000
358,3000
358,3000
358,3000
358,3000
358,3000
358,3000
358,3000
358,3000
358,3000
358,3000
358,3000
358,3000
358,3000
358,3000
358,3000
358,3000
358,3000
358,3000
358,3000
358,3000
358,3000
358,3000
358,3000
359,72
359,72
359,72
359,72
359,72
359,72
359,72
359,72
359,72
359,72
359,72
359,72
359,72
359,72
359,72
359,72
359,72
359,72
359,72
359,72
359,72
359,72
359,72
359,72
360,72
360,72
360,72
360,72
360,72
360,72
360,72
360,72
360,72
360,72
360,72
360,72
360,72
360,72
360,72
360,72
360,72
360,72
360,72
360,72
360,72
360,72
360,72
360,72
361,72
361,72
361,72
361,72
361,72
361,72
361,72
361,72
361,72
361,72
361,72
361,72
361,72
361,72
361,72
361,72
361,72
361,72
361,72
361,72
361,72
361,72
361,72
361,72
362,72
362,72
362,72
362,72
362,72
362,72
362,72
362,72
362,72
362,72
362,72
362,72
362,72
362,72
362,72
362,72
362,72
362,72
362,72
362,72
362,72
362,72
362,72
362,72
363,72
363,72
363,72
363,72
363,72
363,72
363,72
363,72
363,72
363,72
363,72
363,72
363,72
363,72
363,72
363,72
363,72
363,72
363,72
363,72
363,72
363,72
363,72
363,72
364,72
364,72
364,72
364,72
364,72
364,72
364,72
364,72
364,72
364,72
364,72
364,72
364,72
364,72
364,72
364,72
364,72
364,72
364,72
364,72
364,72
364,72
364,72
364,72
365,72
365,72
365,72
365,72
365,72
365,72
365,72
365,72
365,72
365,72
365,72
365,72
365,72
365,72
365,72
365,72
365,72
365,72
365,72
365,72
365,72
365,72
365,72
365,72
366,69
366,69
366,69
366,69
366,69
366,69
366,69
366,69
366,69
366,69
366,69
366,69
366,69
366,69
366,69
366,69
366,69
366,69
366,69
366,69
366,69
366,69
366,69
367,69
367,69
367,69
367,69
367,69
367,69
367,69
367,69
367,69
367,69
367,69
367,69
367,69
367,69
367,69
367,69
367,69
367,69
367,69
367,69
367,69
367,69
367,69
368,69
368,69
368,69
368,69
368,69
368,69
368,69
368,69
368,69
368,69
368,69
368,69
368,69
368,69
368,69
368,69
368,69
368,69
368,69
368,69
368,69
368,69
368,69
369,69
369,69
369,69
369,69
369,69
369,69
369,69
369,69
369,69
369,69
369,69
369,69
369,69
369,69
369,69
369,69
369,69
369,69
369,69
369,69
369,69
369,69
369,69
370,69
370,69
370,69
370,69
370,69
370,69
370,69
370,69
370,69
370,69
370,69
370,69
370,69
370,69
370,69
370,69
370,69
370,69
370,69
370,69
370,69
370,69
370,69
371,69
371,69
371,69
371,69
371,69
371,69
371,69
371,69
371,69
371,69
371,69
371,69
371,69
371,69
371,69
371,69
371,69
371,69
371,69
371,69
371,69
371,69
371,69
372,69
372,69
372,69
372,69
372,69
372,69
372,69
372,69
372,69
372,69
372,69
372,69
372,69
372,69
372,69
372,69
372,69
372,69
372,69
372,69
372,69
372,69
372,69
373,69
373,69
373,69
373,69
373,69
373,69
373,69
373,69
373,69
373,69
373,69
373,69
373,69
373,69
373,69
373,69
373,69
373,69
373,69
373,69
373,69
373,69
373,69
374,69
374,69
374,69
374,69
374,69
374,69
374,69
374,69
374,69
374,69
374,69
374,69
374,69
374,69
374,69
374,69
374,69
374,69
374,69
374,69
374,69
374,69
374,69
375,90
375,90
375,90
375,90
375,90
375,90
375,90
375,90
375,90
375,90
375,90
375,90
375,90
375,90
375,90
375,90
375,90
375,90
375,90
375,90
375,90
375,90
375,90
375,90
375,90
375,90
375,90
375,90
375,90
375,90
376,90
376,90
376,90
376,90
376,90
376,90
376,90
376,90
376,90
376,90
376,90
376,90
376,90
376,90
376,90
376,90
376,90
376,90
376,90
376,90
376,90
376,90
376,90
376,90
376,90
376,90
376,90
376,90
376,90
376,90
377,90
377,90
377,90
377,90
377,90
377,90
377,90
377,90
377,90
377,90
377,90
377,90
377,90
377,90
377,90
377,90
377,90
377,90
377,90
377,90
377,90
377,90
377,90
377,90
377,90
377,90
377,90
377,90
377,90
377,90
378,90
378,90
378,90
378,90
378,90
378,90
378,90
378,90
378,90
378,90
378,90
378,90
378,90
378,90
378,90
378,90
378,90
378,90
378,90
378,90
378,90
378,90
378,90
378,90
378,90
378,90
378,90
378,90
378,90
378,90
379,87
379,87
379,87
379,87
379,87
379,87
379,87
379,87
379,87
379,87
379,87
379,87
379,87
379,87
379,87
379,87
379,87
379,87
379,87
379,87
379,87
379,87
379,87
379,87
379,87
379,87
379,87
379,87
379,87
380,87
380,87
380,87
380,87
380,87
380,87
380,87
380,87
380,87
380,87
380,87
380,87
380,87
380,87
380,87
380,87
380,87
380,87
380,87
380,87
380,87
380,87
380,87
380,87
380,87
380,87
380,87
380,87
380,87
381,87
381,87
381,87
381,87
381,87
381,87
381,87
381,87
381,87
381,87
381,87
381,87
381,87
381,87
381,87
381,87
381,87
381,87
381,87
381,87
381,87
381,87
381,87
381,87
381,87
381,87
381,87
381,87
381,87
382,60
382,60
382,60
382,60
382,60
382,60
382,60
382,60
382,60
382,60
382,60
382,60
382,60
382,60
382,60
382,60
382,60
382,60
382,60
382,60
383,60
383,60
383,60
383,60
383,60
383,60
383,60
383,60
383,60
383,60
383,60
383,60
383,60
383,60
383,60
383,60
383,60
383,60
383,60
383,60
384,60
384,60
384,60
384,60
384,60
384,60
384,60
384,60
384,60
384,60
384,60
384,60
384,60
384,60
384,60
384,60
384,60
384,60
384,60
384,60
385,60
385,60
385,60
385,60
385,60
385,60
385,60
385,60
385,60
385,60
385,60
385,60
385,60
385,60
385,60
385,60
385,60
385,60
385,60
385,60
386,60
386,60
386,60
386,60
386,60
386,60
386,60
386,60
386,60
386,60
386,60
386,60
386,60
386,60
386,60
386,60
386,60
386,60
386,60
386,60
387,60
387,60
387,60
387,60
387,60
387,60
387,60
387,60
387,60
387,60
387,60
387,60
387,60
387,60
387,60
387,60
387,60
387,60
387,60
387,60
388,60
388,60
388,60
388,60
388,60
388,60
388,60
388,60
388,60
388,60
388,60
388,60
388,60
388,60
388,60
388,60
388,60
388,60
388,60
388,60
389,60
389,60
389,60
389,60
389,60
389,60
389,60
389,60
389,60
389,60
389,60
389,60
389,60
389,60
389,60
389,60
389,60
389,60
389,60
389,60
390,60
390,60
390,60
390,60
390,60
390,60
390,60
390,60
390,60
390,60
390,60
390,60
390,60
390,60
390,60
390,60
390,60
390,60
390,60
390,60
391,60
391,60
391,60
391,60
391,60
391,60
391,60
391,60
391,60
391,60
391,60
391,60
391,60
391,60
391,60
391,60
391,60
391,60
391,60
391,60
392,60
392,60
392,60
392,60
392,60
392,60
392,60
392,60
392,60
392,60
392,60
392,60
392,60
392,60
392,60
392,60
392,60
392,60
392,60
392,60
393,60
393,60
393,60
393,60
393,60
393,60
393,60
393,60
393,60
393,60
393,60
393,60
393,60
393,60
393,60
393,60
393,60
393,60
393,60
393,60
394,57
394,57
394,57
394,57
394,57
394,57
394,57
394,57
394,57
394,57
394,57
394,57
394,57
394,57
394,57
394,57
394,57
394,57
394,57
395,57
395,57
395,57
395,57
395,57
395,57
395,57
395,57
395,57
395,57
395,57
395,57
395,57
395,57
395,57
395,57
395,57
395,57
395,57
396,57
396,57
396,57
396,57
396,57
396,57
396,57
396,57
396,57
396,57
396,57
396,57
396,57
396,57
396,57
396,57
396,57
396,57
396,57
397,57
397,57
397,57
397,57
397,57
397,57
397,57
397,57
397,57
397,57
397,57
397,57
397,57
397,57
397,57
397,57
397,57
397,57
397,57
402,153
402,153
402,153
402,153
402,153
402,153
402,153
402,153
402,153
402,153
402,153
402,153
402,153
402,153
402,153
402,153
402,153
402,153
402,153
402,153
402,153
402,153
402,153
402,153
402,153
402,153
402,153
402,153
402,153
402,153
402,153
402,153
402,153
402,153
402,153
402,153
402,153
402,153
402,153
402,153
402,153
402,153
402,153
402,153
402,153
402,153
402,153
402,153
402,153
402,153
402,153
403,132
403,132
403,132
403,132
403,132
403,132
403,132
403,132
403,132
403,132
403,132
403,132
403,132
403,132
403,132
403,132
403,132
403,132
403,132
403,132
403,132
403,132
403,132
403,132
403,132
403,132
403,132
403,132
403,132
403,132
403,132
403,132
403,132
403,132
403,132
403,132
403,132
403,132
403,132
403,132
403,132
403,132
403,132
403,132
404,132
404,132
404,132
404,132
404,132
404,132
404,132
404,132
404,132
404,132
404,132
404,132
404,132
404,132
404,132
404,132
404,132
404,132
404,132
404,132
404,132
404,132
404,132
404,132
404,132
404,132
404,132
404,132
404,132
404,132
404,132
404,132
404,132
404,132
404,132
404,132
404,132
404,132
404,132
404,132
404,132
404,132
404,132
404,132
405,132
405,132
405,132
405,132
405,132
405,132
405,132
405,132
405,132
405,132
405,132
405,132
405,132
405,132
405,132
405,132
405,132
405,132
405,132
405,132
405,132
405,132
405,132
405,132
405,132
405,132
405,132
405,132
405,132
405,132
405,132
405,132
405,132
405,132
405,132
405,132
405,132
405,132
405,132
405,132
405,132
405,132
405,132
405,132
406,132
406,132
406,132
406,132
406,132
406,132
406,132
406,132
406,132
406,132
406,132
406,132
406,132
406,132
406,132
406,132
406,132
406,132
406,132
406,132
406,132
406,132
406,132
406,132
406,132
406,132
406,132
406,132
406,132
406,132
406,132
406,132
406,132
406,132
406,132
406,132
406,132
406,132
406,132
406,132
406,132
406,132
406,132
406,132
407,132
407,132
407,132
407,132
407,132
407,132
407,132
407,132
407,132
407,132
407,132
407,132
407,132
407,132
407,132
407,132
407,132
407,132
407,132
407,132
407,132
407,132
407,132
407,132
407,132
407,132
407,132
407,132
407,132
407,132
407,132
407,132
407,132
407,132
407,132
407,132
407,132
407,132
407,132
407,132
407,132
407,132
407,132
407,132
408,126
408,126
408,126
408,126
408,126
408,126
408,126
408,126
408,126
408,126
408,126
408,126
408,126
408,126
408,126
408,126
408,126
408,126
408,126
408,126
408,126
408,126
408,126
408,126
408,126
408,126
408,126
408,126
408,126
408,126
408,126
408,126
408,126
408,126
408,126
408,126
408,126
408,126
408,126
408,126
408,126
408,126
409,126
409,126
409,126
409,126
409,126
409,126
409,126
409,126
409,126
409,126
409,126
409,126
409,126
409,126
409,126
409,126
409,126
409,126
409,126
409,126
409,126
409,126
409,126
409,126
409,126
409,126
409,126
409,126
409,126
409,126
409,126
409,126
409,126
409,126
409,126
409,126
409,126
409,126
409,126
409,126
409,126
409,126
410,66
410,66
410,66
410,66
410,66
410,66
410,66
410,66
410,66
410,66
410,66
410,66
410,66
410,66
410,66
410,66
410,66
410,66
410,66
410,66
410,66
410,66
411,66
411,66
411,66
411,66
411,66
411,66
411,66
411,66
411,66
411,66
411,66
411,66
411,66
411,66
411,66
411,66
411,66
411,66
411,66
411,66
411,66
411,66
412,66
412,66
412,66
412,66
412,66
412,66
412,66
412,66
412,66
412,66
412,66
412,66
412,66
412,66
412,66
412,66
412,66
412,66
412,66
412,66
412,66
412,66
413,66
413,66
413,66
413,66
413,66
413,66
413,66
413,66
413,66
413,66
413,66
413,66
413,66
413,66
413,66
413,66
413,66
413,66
413,66
413,66
413,66
413,66
414,63
414,63
414,63
414,63
414,63
414,63
414,63
414,63
414,63
414,63
414,63
414,63
414,63
414,63
414,63
414,63
414,63
414,63
414,63
414,63
414,63
415,63
415,63
415,63
415,63
415,63
415,63
415,63
415,63
415,63
415,63
415,63
415,63
415,63
415,63
415,63
415,63
415,63
415,63
415,63
415,63
415,63
416,63
416,63
416,63
416,63
416,63
416,63
416,63
416,63
416,63
416,63
416,63
416,63
416,63
416,63
416,63
416,63
416,63
416,63
416,63
416,63
416,63
417,63
417,63
417,63
417,63
417,63
417,63
417,63
417,63
417,63
417,63
417,63
417,63
417,63
417,63
417,63
417,63
417,63
417,63
417,63
417,63
417,63
418,63
418,63
418,63
418,63
418,63
418,63
418,63
418,63
418,63
418,63
418,63
418,63
418,63
418,63
418,63
418,63
418,63
418,63
418,63
418,63
418,63
419,63
419,63
419,63
419,63
419,63
419,63
419,63
419,63
419,63
419,63
419,63
419,63
419,63
419,63
419,63
419,63
419,63
419,63
419,63
419,63
419,63
420,63
420,63
420,63
420,63
420,63
420,63
420,63
420,63
420,63
420,63
420,63
420,63
420,63
420,63
420,63
420,63
420,63
420,63
420,63
420,63
420,63
421,63
421,63
421,63
421,63
421,63
421,63
421,63
421,63
421,63
421,63
421,63
421,63
421,63
421,63
421,63
421,63
421,63
421,63
421,63
421,63
421,63
422,102
422,102
422,102
422,102
422,102
422,102
422,102
422,102
422,102
422,102
422,102
422,102
422,102
422,102
422,102
422,102
422,102
422,102
422,102
422,102
422,102
422,102
422,102
422,102
422,102
422,102
422,102
422,102
422,102
422,102
422,102
422,102
422,102
422,102
423,102
423,102
423,102
423,102
423,102
423,102
423,102
423,102
423,102
423,102
423,102
423,102
423,102
423,102
423,102
423,102
423,102
423,102
423,102
423,102
423,102
423,102
423,102
423,102
423,102
423,102
423,102
423,102
423,102
423,102
423,102
423,102
423,102
423,102
424,102
424,102
424,102
424,102
424,102
424,102
424,102
424,102
424,102
424,102
424,102
424,102
424,102
424,102
424,102
424,102
424,102
424,102
424,102
424,102
424,102
424,102
424,102
424,102
424,102
424,102
424,102
424,102
424,102
424,102
424,102
424,102
424,102
424,102
425,102
425,102
425,102
425,102
425,102
425,102
425,102
425,102
425,102
425,102
425,102
425,102
425,102
425,102
425,102
425,102
425,102
425,102
425,102
425,102
425,102
425,102
425,102
425,102
425,102
425,102
425,102
425,102
425,102
425,102
425,102
425,102
425,102
425,102
426,102
426,102
426,102
426,102
426,102
426,102
426,102
426,102
426,102
426,102
426,102
426,102
426,102
426,102
426,102
426,102
426,102
426,102
426,102
426,102
426,102
426,102
426,102
426,102
426,102
426,102
426,102
426,102
426,102
426,102
426,102
426,102
426,102
426,102
427,99
427,99
427,99
427,99
427,99
427,99
427,99
427,99
427,99
427,99
427,99
427,99
427,99
427,99
427,99
427,99
427,99
427,99
427,99
427,99
427,99
427,99
427,99
427,99
427,99
427,99
427,99
427,99
427,99
427,99
427,99
427,99
427,99
428,99
428,99
428,99
428,99
428,99
428,99
428,99
428,99
428,99
428,99
428,99
428,99
428,99
428,99
428,99
428,99
428,99
428,99
428,99
428,99
428,99
428,99
428,99
428,99
428,99
428,99
428,99
428,99
428,99
428,99
428,99
428,99
428,99
429,99
429,99
429,99
429,99
429,99
429,99
429,99
429,99
429,99
429,99
429,99
429,99
429,99
429,99
429,99
429,99
429,99
429,99
429,99
429,99
429,99
429,99
429,99
429,99
429,99
429,99
429,99
429,99
429,99
429,99
429,99
429,99
429,99
430,99
430,99
430,99
430,99
430,99
430,99
430,99
430,99
430,99
430,99
430,99
430,99
430,99
430,99
430,99
430,99
430,99
430,99
430,99
430,99
430,99
430,99
430,99
430,99
430,99
430,99
430,99
430,99
430,99
430,99
430,99
430,99
430,99
431,99
431,99
431,99
431,99
431,99
431,99
431,99
431,99
431,99
431,99
431,99
431,99
431,99
431,99
431,99
431,99
431,99
431,99
431,99
431,99
431,99
431,99
431,99
431,99
431,99
431,99
431,99
431,99
431,99
431,99
431,99
431,99
431,99
432,99
432,99
432,99
432,99
432,99
432,99
432,99
432,99
432,99
432,99
432,99
432,99
432,99
432,99
432,99
432,99
432,99
432,99
432,99
432,99
432,99
432,99
432,99
432,99
432,99
432,99
432,99
432,99
432,99
432,99
432,99
432,99
432,99
433,99
433,99
433,99
433,99
433,99
433,99
433,99
433,99
433,99
433,99
433,99
433,99
433,99
433,99
433,99
433,99
433,99
433,99
433,99
433,99
433,99
433,99
433,99
433,99
433,99
433,99
433,99
433,99
433,99
433,99
433,99
433,99
433,99
434,99
434,99
434,99
434,99
434,99
434,99
434,99
434,99
434,99
434,99
434,99
434,99
434,99
434,99
434,99
434,99
434,99
434,99
434,99
434,99
434,99
434,99
434,99
434,99
434,99
434,99
434,99
434,99
434,99
434,99
434,99
434,99
434,99
435,99
435,99
435,99
435,99
435,99
435,99
435,99
435,99
435,99
435,99
435,99
435,99
435,99
435,99
435,99
435,99
435,99
435,99
435,99
435,99
435,99
435,99
435,99
435,99
435,99
435,99
435,99
435,99
435,99
435,99
435,99
435,99
435,99
436,96
436,96
436,96
436,96
436,96
436,96
436,96
436,96
436,96
436,96
436,96
436,96
436,96
436,96
436,96
436,96
436,96
436,96
436,96
436,96
436,96
436,96
436,96
436,96
436,96
436,96
436,96
436,96
436,96
436,96
436,96
436,96
437,96
437,96
437,96
437,96
437,96
437,96
437,96
437,96
437,96
437,96
437,96
437,96
437,96
437,96
437,96
437,96
437,96
437,96
437,96
437,96
437,96
437,96
437,96
437,96
437,96
437,96
437,96
437,96
437,96
437,96
437,96
437,96
438,63
438,63
438,63
438,63
438,63
438,63
438,63
438,63
438,63
438,63
438,63
438,63
438,63
438,63
438,63
438,63
438,63
438,63
438,63
438,63
438,63
439,63
439,63
439,63
439,63
439,63
439,63
439,63
439,63
439,63
439,63
439,63
439,63
439,63
439,63
439,63
439,63
439,63
439,63
439,63
439,63
439,63
440,63
440,63
440,63
440,63
440,63
440,63
440,63
440,63
440,63
440,63
440,63
440,63
440,63
440,63
440,63
440,63
440,63
440,63
440,63
440,63
440,63
441,63
441,63
441,63
441,63
441,63
441,63
441,63
441,63
441,63
441,63
441,63
441,63
441,63
441,63
441,63
441,63
441,63
441,63
441,63
441,63
441,63
442,63
442,63
442,63
442,63
442,63
442,63
442,63
442,63
442,63
442,63
442,63
442,63
442,63
442,63
442,63
442,63
442,63
442,63
442,63
442,63
442,63
443,63
443,63
443,63
443,63
443,63
443,63
443,63
443,63
443,63
443,63
443,63
443,63
443,63
443,63
443,63
443,63
443,63
443,63
443,63
443,63
443,63
444,63
444,63
444,63
444,63
444,63
444,63
444,63
444,63
444,63
444,63
444,63
444,63
444,63
444,63
444,63
444,63
444,63
444,63
444,63
444,63
444,63
445,63
445,63
445,63
445,63
445,63
445,63
445,63
445,63
445,63
445,63
445,63
445,63
445,63
445,63
445,63
445,63
445,63
445,63
445,63
445,63
445,63
446,63
446,63
446,63
446,63
446,63
446,63
446,63
446,63
446,63
446,63
446,63
446,63
446,63
446,63
446,63
446,63
446,63
446,63
446,63
446,63
446,63
447,63
447,63
447,63
447,63
447,63
447,63
447,63
447,63
447,63
447,63
447,63
447,63
447,63
447,63
447,63
447,63
447,63
447,63
447,63
447,63
447,63
448,63
448,63
448,63
448,63
448,63
448,63
448,63
448,63
448,63
448,63
448,63
448,63
448,63
448,63
448,63
448,63
448,63
448,63
448,63
448,63
448,63
449,60
449,60
449,60
449,60
449,60
449,60
449,60
449,60
449,60
449,60
449,60
449,60
449,60
449,60
449,60
449,60
449,60
449,60
449,60
449,60
450,60
450,60
450,60
450,60
450,60
450,60
450,60
450,60
450,60
450,60
450,60
450,60
450,60
450,60
450,60
450,60
450,60
450,60
450,60
450,60
451,60
451,60
451,60
451,60
451,60
451,60
451,60
451,60
451,60
451,60
451,60
451,60
451,60
451,60
451,60
451,60
451,60
451,60
451,60
451,60
452,60
452,60
452,60
452,60
452,60
452,60
452,60
452,60
452,60
452,60
452,60
452,60
452,60
452,60
452,60
452,60
452,60
452,60
452,60
452,60
453,60
453,60
453,60
453,60
453,60
453,60
453,60
453,60
453,60
453,60
453,60
453,60
453,60
453,60
453,60
453,60
453,60
453,60
453,60
453,60
454,60
454,60
454,60
454,60
454,60
454,60
454,60
454,60
454,60
454,60
454,60
454,60
454,60
454,60
454,60
454,60
454,60
454,60
454,60
454,60
455,60
455,60
455,60
455,60
455,60
455,60
455,60
455,60
455,60
455,60
455,60
455,60
455,60
455,60
455,60
455,60
455,60
455,60
455,60
455,60
456,60
456,60
456,60
456,60
456,60
456,60
456,60
456,60
456,60
456,60
456,60
456,60
456,60
456,60
456,60
456,60
456,60
456,60
456,60
456,60
457,60
457,60
457,60
457,60
457,60
457,60
457,60
457,60
457,60
457,60
457,60
457,60
457,60
457,60
457,60
457,60
457,60
457,60
457,60
457,60
458,60
458,60
458,60
458,60
458,60
458,60
458,60
458,60
458,60
458,60
458,60
458,60
458,60
458,60
458,60
458,60
458,60
458,60
458,60
458,60
459,60
459,60
459,60
459,60
459,60
459,60
459,60
459,60
459,60
459,60
459,60
459,60
459,60
459,60
459,60
459,60
459,60
459,60
459,60
459,60
460,60
460,60
460,60
460,60
460,60
460,60
460,60
460,60
460,60
460,60
460,60
460,60
460,60
460,60
460,60
460,60
460,60
460,60
460,60
460,60
461,33
461,33
461,33
461,33
461,33
461,33
461,33
461,33
461,33
461,33
461,33
462,153
462,153
462,153
462,153
462,153
462,153
462,153
462,153
462,153
462,153
462,153
462,153
462,153
462,153
462,153
462,153
462,153
462,153
462,153
462,153
462,153
462,153
462,153
462,153
462,153
462,153
462,153
462,153
462,153
462,153
462,153
462,153
462,153
462,153
462,153
462,153
462,153
462,153
462,153
462,153
462,153
462,153
462,153
462,153
462,153
462,153
462,153
462,153
462,153
462,153
462,153
463,45
463,45
463,45
463,45
463,45
463,45
463,45
463,45
463,45
463,45
463,45
463,45
463,45
463,45
463,45
464,45
464,45
464,45
464,45
464,45
464,45
464,45
464,45
464,45
464,45
464,45
464,45
464,45
464,45
464,45
465,45
465,45
465,45
465,45
465,45
465,45
465,45
465,45
465,45
465,45
465,45
465,45
465,45
465,45
465,45
466,45
466,45
466,45
466,45
466,45
466,45
466,45
466,45
466,45
466,45
466,45
466,45
466,45
466,45
466,45
467,45
467,45
467,45
467,45
467,45
467,45
467,45
467,45
467,45
467,45
467,45
467,45
467,45
467,45
467,45
468,42
468,42
468,42
468,42
468,42
468,42
468,42
468,42
468,42
468,42
468,42
468,42
468,42
468,42
469,42
469,42
469,42
469,42
469,42
469,42
469,42
469,42
469,42
469,42
469,42
469,42
469,42
469,42
470,42
470,42
470,42
470,42
470,42
470,42
470,42
470,42
470,42
470,42
470,42
470,42
470,42
470,42
471,42
471,42
471,42
471,42
471,42
471,42
471,42
471,42
471,42
471,42
471,42
471,42
471,42
471,42
472,42
472,42
472,42
472,42
472,42
472,42
472,42
472,42
472,42
472,42
472,42
472,42
472,42
472,42
473,42
473,42
473,42
473,42
473,42
473,42
473,42
473,42
473,42
473,42
473,42
473,42
473,42
473,42
474,42
474,42
474,42
474,42
474,42
474,42
474,42
474,42
474,42
474,42
474,42
474,42
474,42
474,42
475,42
475,42
475,42
475,42
475,42
475,42
475,42
475,42
475,42
475,42
475,42
475,42
475,42
475,42
476,8250
476,8250
476,8250
476,8250
476,8250
476,8250
476,8250
476,8250
476,8250
476,8250
476,8250
476,8250
476,8250
476,8250
476,8250
477,8250
477,8250
477,8250
477,8250
477,8250
477,8250
477,8250
477,8250
477,8250
477,8250
477,8250
477,8250
477,8250
477,8250
477,8250
478,8250
478,8250
478,8250
478,8250
478,8250
478,8250
478,8250
478,8250
478,8250
478,8250
478,8250
478,8250
478,8250
478,8250
478,8250
479,8250
479,8250
479,8250
479,8250
479,8250
479,8250
479,8250
479,8250
479,8250
479,8250
479,8250
479,8250
479,8250
479,8250
479,8250
480,8250
480,8250
480,8250
480,8250
480,8250
480,8250
480,8250
480,8250
480,8250
480,8250
480,8250
480,8250
480,8250
480,8250
480,8250
481,8250
481,8250
481,8250
481,8250
481,8250
481,8250
481,8250
481,8250
481,8250
481,8250
481,8250
481,8250
481,8250
481,8250
481,8250
482,8250
482,8250
482,8250
482,8250
482,8250
482,8250
482,8250
482,8250
482,8250
482,8250
482,8250
482,8250
482,8250
482,8250
482,8250
483,8250
483,8250
483,8250
483,8250
483,8250
483,8250
483,8250
483,8250
483,8250
483,8250
483,8250
483,8250
483,8250
483,8250
483,8250
484,8250
484,8250
484,8250
484,8250
484,8250
484,8250
484,8250
484,8250
484,8250
484,8250
484,8250
484,8250
484,8250
484,8250
484,8250
485,8250
485,8250
485,8250
485,8250
485,8250
485,8250
485,8250
485,8250
485,8250
485,8250
485,8250
485,8250
485,8250
485,8250
485,8250
486,8250
486,8250
486,8250
486,8250
486,8250
486,8250
486,8250
486,8250
486,8250
486,8250
486,8250
486,8250
486,8250
486,8250
486,8250
487,8250
487,8250
487,8250
487,8250
487,8250
487,8250
487,8250
487,8250
487,8250
487,8250
487,8250
487,8250
487,8250
487,8250
487,8250
488,8250
488,8250
488,8250
488,8250
488,8250
488,8250
488,8250
488,8250
488,8250
488,8250
488,8250
488,8250
488,8250
488,8250
488,8250
489,8250
489,8250
489,8250
489,8250
489,8250
489,8250
489,8250
489,8250
489,8250
489,8250
489,8250
489,8250
489,8250
489,8250
489,8250
490,300
490,300
490,300
490,300
490,300
490,300
490,300
490,300
490,300
490,300
490,300
490,300
490,300
490,300
490,300
490,300
490,300
490,300
490,300
490,300
490,300
490,300
490,300
490,300
490,300
490,300
490,300
490,300
490,300
490,300
490,300
490,300
490,300
490,300
490,300
490,300
490,300
490,300
490,300
490,300
490,300
490,300
490,300
490,300
490,300
490,300
490,300
490,300
490,300
490,300
490,300
490,300
490,300
490,300
490,300
490,300
490,300
490,300
490,300
490,300
490,300
490,300
490,300
490,300
490,300
490,300
490,300
490,300
490,300
490,300
490,300
490,300
490,300
490,300
490,300
490,300
490,300
490,300
490,300
490,300
490,300
490,300
490,300
490,300
490,300
490,300
490,300
490,300
490,300
490,300
490,300
490,300
490,300
490,300
490,300
490,300
490,300
490,300
490,300
490,300
491,303
491,303
491,303
491,303
491,303
491,303
491,303
491,303
491,303
491,303
491,303
491,303
491,303
491,303
491,303
491,303
491,303
491,303
491,303
491,303
491,303
491,303
491,303
491,303
491,303
491,303
491,303
491,303
491,303
491,303
491,303
491,303
491,303
491,303
491,303
491,303
491,303
491,303
491,303
491,303
491,303
491,303
491,303
491,303
491,303
491,303
491,303
491,303
491,303
491,303
491,303
491,303
491,303
491,303
491,303
491,303
491,303
491,303
491,303
491,303
491,303
491,303
491,303
491,303
491,303
491,303
491,303
491,303
491,303
491,303
491,303
491,303
491,303
491,303
491,303
491,303
491,303
491,303
491,303
491,303
491,303
491,303
491,303
491,303
491,303
491,303
491,303
491,303
491,303
491,303
491,303
491,303
491,303
491,303
491,303
491,303
491,303
491,303
491,303
491,303
491,303
492,3780
492,3780
492,3780
492,3780
492,3780
492,3780
492,3780
492,3780
492,3780
492,3780
492,3780
492,3780
492,3780
492,3780
492,3780
492,3780
492,3780
492,3780
492,3780
492,3780
492,3780
492,3780
492,3780
492,3780
492,3780
492,3780
492,3780
492,3780
492,3780
492,3780
492,3780
492,3780
492,3780
492,3780
492,3780
492,3780
492,3780
492,3780
492,3780
492,3780
492,3780
492,3780
492,3780
492,3780
492,3780
492,3780
492,3780
492,3780
492,3780
492,3780
492,3780
492,3780
492,3780
492,3780
492,3780
492,3780
492,3780
492,3780
492,3780
492,3780
492,3780
492,3780
492,3780
493,3780
493,3780
493,3780
493,3780
493,3780
493,3780
493,3780
493,3780
493,3780
493,3780
493,3780
493,3780
493,3780
493,3780
493,3780
493,3780
493,3780
493,3780
493,3780
493,3780
493,3780
493,3780
493,3780
493,3780
493,3780
493,3780
493,3780
493,3780
493,3780
493,3780
493,3780
493,3780
493,3780
493,3780
493,3780
493,3780
493,3780
493,3780
493,3780
493,3780
493,3780
493,3780
493,3780
493,3780
493,3780
493,3780
493,3780
493,3780
493,3780
493,3780
493,3780
493,3780
493,3780
493,3780
493,3780
493,3780
493,3780
493,3780
493,3780
493,3780
493,3780
493,3780
493,3780
494,3780
494,3780
494,3780
494,3780
494,3780
494,3780
494,3780
494,3780
494,3780
494,3780
494,3780
494,3780
494,3780
494,3780
494,3780
494,3780
494,3780
494,3780
494,3780
494,3780
494,3780
494,3780
494,3780
494,3780
494,3780
494,3780
494,3780
494,3780
494,3780
494,3780
494,3780
494,3780
494,3780
494,3780
494,3780
494,3780
494,3780
494,3780
494,3780
494,3780
494,3780
494,3780
494,3780
494,3780
494,3780
494,3780
494,3780
494,3780
494,3780
494,3780
494,3780
494,3780
494,3780
494,3780
494,3780
494,3780
494,3780
494,3780
494,3780
494,3780
494,3780
494,3780
494,3780
495,3780
495,3780
495,3780
495,3780
495,3780
495,3780
495,3780
495,3780
495,3780
495,3780
495,3780
495,3780
495,3780
495,3780
495,3780
495,3780
495,3780
495,3780
495,3780
495,3780
495,3780
495,3780
495,3780
495,3780
495,3780
495,3780
495,3780
495,3780
495,3780
495,3780
495,3780
495,3780
495,3780
495,3780
495,3780
495,3780
495,3780
495,3780
495,3780
495,3780
495,3780
495,3780
495,3780
495,3780
495,3780
495,3780
495,3780
495,3780
495,3780
495,3780
495,3780
495,3780
495,3780
495,3780
495,3780
495,3780
495,3780
495,3780
495,3780
495,3780
495,3780
495,3780
495,3780
496,3780
496,3780
496,3780
496,3780
496,3780
496,3780
496,3780
496,3780
496,3780
496,3780
496,3780
496,3780
496,3780
496,3780
496,3780
496,3780
496,3780
496,3780
496,3780
496,3780
496,3780
496,3780
496,3780
496,3780
496,3780
496,3780
496,3780
496,3780
496,3780
496,3780
496,3780
496,3780
496,3780
496,3780
496,3780
496,3780
496,3780
496,3780
496,3780
496,3780
496,3780
496,3780
496,3780
496,3780
496,3780
496,3780
496,3780
496,3780
496,3780
496,3780
496,3780
496,3780
496,3780
496,3780
496,3780
496,3780
496,3780
496,3780
496,3780
496,3780
496,3780
496,3780
496,3780
497,153
497,153
497,153
497,153
497,153
497,153
497,153
497,153
497,153
497,153
497,153
497,153
497,153
497,153
497,153
497,153
497,153
497,153
497,153
497,153
497,153
497,153
497,153
497,153
497,153
497,153
497,153
497,153
497,153
497,153
497,153
497,153
497,153
497,153
497,153
497,153
497,153
497,153
497,153
497,153
497,153
497,153
497,153
497,153
497,153
497,153
497,153
497,153
497,153
497,153
497,153
504,153
504,153
504,153
504,153
504,153
504,153
504,153
504,153
504,153
504,153
504,153
504,153
504,153
504,153
504,153
504,153
504,153
504,153
504,153
504,153
504,153
504,153
504,153
504,153
504,153
504,153
504,153
504,153
504,153
504,153
504,153
504,153
504,153
504,153
504,153
504,153
504,153
504,153
504,153
504,153
504,153
504,153
504,153
504,153
504,153
504,153
504,153
504,153
504,153
504,153
504,153
505,150
505,150
505,150
505,150
505,150
505,150
505,150
505,150
505,150
505,150
505,150
505,150
505,150
505,150
505,150
505,150
505,150
505,150
505,150
505,150
505,150
505,150
505,150
505,150
505,150
505,150
505,150
505,150
505,150
505,150
505,150
505,150
505,150
505,150
505,150
505,150
505,150
505,150
505,150
505,150
505,150
505,150
505,150
505,150
505,150
505,150
505,150
505,150
505,150
505,150
506,3060
506,3060
506,3060
506,3060
506,3060
506,3060
506,3060
506,3060
506,3060
506,3060
506,3060
506,3060
506,3060
506,3060
506,3060
506,3060
506,3060
506,3060
506,3060
506,3060
506,3060
506,3060
506,3060
506,3060
506,3060
506,3060
506,3060
506,3060
506,3060
506,3060
506,3060
506,3060
506,3060
506,3060
506,3060
506,3060
506,3060
506,3060
506,3060
506,3060
506,3060
506,3060
506,3060
506,3060
506,3060
506,3060
506,3060
506,3060
506,3060
506,3060
506,3060
507,56100
507,56100
507,56100
507,56100
507,56100
507,56100
507,56100
507,56100
507,56100
507,56100
507,56100
507,56100
507,56100
507,56100
507,56100
507,56100
507,56100
507,56100
507,56100
507,56100
507,56100
507,56100
507,56100
507,56100
507,56100
507,56100
507,56100
507,56100
507,56100
507,56100
507,56100
507,56100
507,56100
507,56100
507,56100
507,56100
507,56100
507,56100
507,56100
507,56100
507,56100
507,56100
507,56100
507,56100
507,56100
507,56100
507,56100
507,56100
507,56100
507,56100
507,56100
507,56100
507,56100
507,56100
507,56100
507,56100
507,56100
507,56100
507,56100
507,56100
507,56100
507,56100
507,56100
507,56100
507,56100
507,56100
507,56100
507,56100
507,56100
507,56100
507,56100
507,56100
507,56100
507,56100
507,56100
507,56100
507,56100
507,56100
507,56100
507,56100
507,56100
507,56100
507,56100
507,56100
507,56100
507,56100
507,56100
507,56100
507,56100
507,56100
507,56100
507,56100
507,56100
507,56100
507,56100
507,56100
507,56100
507,56100
507,56100
507,56100
507,56100
507,56100
508,56100
508,56100
508,56100
508,56100
508,56100
508,56100
508,56100
508,56100
508,56100
508,56100
508,56100
508,56100
508,56100
508,56100
508,56100
508,56100
508,56100
508,56100
508,56100
508,56100
508,56100
508,56100
508,56100
508,56100
508,56100
508,56100
508,56100
508,56100
508,56100
508,56100
508,56100
508,56100
508,56100
508,56100
508,56100
508,56100
508,56100
508,56100
508,56100
508,56100
508,56100
508,56100
508,56100
508,56100
508,56100
508,56100
508,56100
508,56100
508,56100
508,56100
508,56100
508,56100
508,56100
508,56100
508,56100
508,56100
508,56100
508,56100
508,56100
508,56100
508,56100
508,56100
508,56100
508,56100
508,56100
508,56100
508,56100
508,56100
508,56100
508,56100
508,56100
508,56100
508,56100
508,56100
508,56100
508,56100
508,56100
508,56100
508,56100
508,56100
508,56100
508,56100
508,56100
508,56100
508,56100
508,56100
508,56100
508,56100
508,56100
508,56100
508,56100
508,56100
508,56100
508,56100
508,56100
508,56100
508,56100
508,56100
508,56100
508,56100
508,56100
508,56100
509,22000
509,22000
509,22000
509,22000
509,22000
509,22000
509,22000
509,22000
509,22000
509,22000
509,22000
509,22000
509,22000
509,22000
509,22000
509,22000
509,22000
509,22000
509,22000
509,22000
509,22000
509,22000
509,22000
509,22000
509,22000
509,22000
509,22000
509,22000
509,22000
509,22000
509,22000
509,22000
509,22000
509,22000
509,22000
509,22000
509,22000
509,22000
509,22000
509,22000
510,50600
510,50600
510,50600
510,50600
510,50600
510,50600
510,50600
510,50600
510,50600
510,50600
510,50600
510,50600
510,50600
510,50600
510,50600
510,50600
510,50600
510,50600
510,50600
510,50600
510,50600
510,50600
510,50600
510,50600
510,50600
510,50600
510,50600
510,50600
510,50600
510,50600
510,50600
510,50600
510,50600
510,50600
510,50600
510,50600
510,50600
510,50600
510,50600
510,50600
510,50600
510,50600
510,50600
510,50600
510,50600
510,50600
510,50600
510,50600
510,50600
510,50600
510,50600
510,50600
510,50600
510,50600
510,50600
510,50600
510,50600
510,50600
510,50600
510,50600
510,50600
510,50600
510,50600
510,50600
510,50600
510,50600
510,50600
510,50600
510,50600
510,50600
510,50600
510,50600
510,50600
510,50600
510,50600
510,50600
510,50600
510,50600
510,50600
510,50600
510,50600
510,50600
510,50600
510,50600
510,50600
510,50600
510,50600
510,50600
510,50600
510,50600
510,50600
510,50600
511,50600
511,50600
511,50600
511,50600
511,50600
511,50600
511,50600
511,50600
511,50600
511,50600
511,50600
511,50600
511,50600
511,50600
511,50600
511,50600
511,50600
511,50600
511,50600
511,50600
511,50600
511,50600
511,50600
511,50600
511,50600
511,50600
511,50600
511,50600
511,50600
511,50600
511,50600
511,50600
511,50600
511,50600
511,50600
511,50600
511,50600
511,50600
511,50600
511,50600
511,50600
511,50600
511,50600
511,50600
511,50600
511,50600
511,50600
511,50600
511,50600
511,50600
511,50600
511,50600
511,50600
511,50600
511,50600
511,50600
511,50600
511,50600
511,50600
511,50600
511,50600
511,50600
511,50600
511,50600
511,50600
511,50600
511,50600
511,50600
511,50600
511,50600
511,50600
511,50600
511,50600
511,50600
511,50600
511,50600
511,50600
511,50600
511,50600
511,50600
511,50600
511,50600
511,50600
511,50600
511,50600
511,50600
511,50600
511,50600
511,50600
511,50600
511,50600
511,50600
512,50050
512,50050
512,50050
512,50050
512,50050
512,50050
512,50050
512,50050
512,50050
512,50050
512,50050
512,50050
512,50050
512,50050
512,50050
512,50050
512,50050
512,50050
512,50050
512,50050
512,50050
512,50050
512,50050
512,50050
512,50050
512,50050
512,50050
512,50050
512,50050
512,50050
512,50050
512,50050
512,50050
512,50050
512,50050
512,50050
512,50050
512,50050
512,50050
512,50050
512,50050
512,50050
512,50050
512,50050
512,50050
512,50050
512,50050
512,50050
512,50050
512,50050
512,50050
512,50050
512,50050
512,50050
512,50050
512,50050
512,50050
512,50050
512,50050
512,50050
512,50050
512,50050
512,50050
512,50050
512,50050
512,50050
512,50050
512,50050
512,50050
512,50050
512,50050
512,50050
512,50050
512,50050
512,50050
512,50050
512,50050
512,50050
512,50050
512,50050
512,50050
512,50050
512,50050
512,50050
512,50050
512,50050
512,50050
512,50050
512,50050
512,50050
512,50050
513,55550
513,55550
513,55550
513,55550
513,55550
513,55550
513,55550
513,55550
513,55550
513,55550
513,55550
513,55550
513,55550
513,55550
513,55550
513,55550
513,55550
513,55550
513,55550
513,55550
513,55550
513,55550
513,55550
513,55550
513,55550
513,55550
513,55550
513,55550
513,55550
513,55550
513,55550
513,55550
513,55550
513,55550
513,55550
513,55550
513,55550
513,55550
513,55550
513,55550
513,55550
513,55550
513,55550
513,55550
513,55550
513,55550
513,55550
513,55550
513,55550
513,55550
513,55550
513,55550
513,55550
513,55550
513,55550
513,55550
513,55550
513,55550
513,55550
513,55550
513,55550
513,55550
513,55550
513,55550
513,55550
513,55550
513,55550
513,55550
513,55550
513,55550
513,55550
513,55550
513,55550
513,55550
513,55550
513,55550
513,55550
513,55550
513,55550
513,55550
513,55550
513,55550
513,55550
513,55550
513,55550
513,55550
513,55550
513,55550
513,55550
513,55550
513,55550
513,55550
513,55550
513,55550
513,55550
513,55550
513,55550
513,55550
513,55550
513,55550
513,55550
523,56100
523,56100
523,56100
523,56100
523,56100
523,56100
523,56100
523,56100
523,56100
523,56100
523,56100
523,56100
523,56100
523,56100
523,56100
523,56100
523,56100
523,56100
523,56100
523,56100
523,56100
523,56100
523,56100
523,56100
523,56100
523,56100
523,56100
523,56100
523,56100
523,56100
523,56100
523,56100
523,56100
523,56100
523,56100
523,56100
523,56100
523,56100
523,56100
523,56100
523,56100
523,56100
523,56100
523,56100
523,56100
523,56100
523,56100
523,56100
523,56100
523,56100
523,56100
523,56100
523,56100
523,56100
523,56100
523,56100
523,56100
523,56100
523,56100
523,56100
523,56100
523,56100
523,56100
523,56100
523,56100
523,56100
523,56100
523,56100
523,56100
523,56100
523,56100
523,56100
523,56100
523,56100
523,56100
523,56100
523,56100
523,56100
523,56100
523,56100
523,56100
523,56100
523,56100
523,56100
523,56100
523,56100
523,56100
523,56100
523,56100
523,56100
523,56100
523,56100
523,56100
523,56100
523,56100
523,56100
523,56100
523,56100
523,56100
523,56100
523,56100
523,56100
524,56100
524,56100
524,56100
524,56100
524,56100
524,56100
524,56100
524,56100
524,56100
524,56100
524,56100
524,56100
524,56100
524,56100
524,56100
524,56100
524,56100
524,56100
524,56100
524,56100
524,56100
524,56100
524,56100
524,56100
524,56100
524,56100
524,56100
524,56100
524,56100
524,56100
524,56100
524,56100
524,56100
524,56100
524,56100
524,56100
524,56100
524,56100
524,56100
524,56100
524,56100
524,56100
524,56100
524,56100
524,56100
524,56100
524,56100
524,56100
524,56100
524,56100
524,56100
524,56100
524,56100
524,56100
524,56100
524,56100
524,56100
524,56100
524,56100
524,56100
524,56100
524,56100
524,56100
524,56100
524,56100
524,56100
524,56100
524,56100
524,56100
524,56100
524,56100
524,56100
524,56100
524,56100
524,56100
524,56100
524,56100
524,56100
524,56100
524,56100
524,56100
524,56100
524,56100
524,56100
524,56100
524,56100
524,56100
524,56100
524,56100
524,56100
524,56100
524,56100
524,56100
524,56100
524,56100
524,56100
524,56100
524,56100
524,56100
524,56100
524,56100
524,56100
525,28050
525,28050
525,28050
525,28050
525,28050
525,28050
525,28050
525,28050
525,28050
525,28050
525,28050
525,28050
525,28050
525,28050
525,28050
525,28050
525,28050
525,28050
525,28050
525,28050
525,28050
525,28050
525,28050
525,28050
525,28050
525,28050
525,28050
525,28050
525,28050
525,28050
525,28050
525,28050
525,28050
525,28050
525,28050
525,28050
525,28050
525,28050
525,28050
525,28050
525,28050
525,28050
525,28050
525,28050
525,28050
525,28050
525,28050
525,28050
525,28050
525,28050
525,28050
526,28050
526,28050
526,28050
526,28050
526,28050
526,28050
526,28050
526,28050
526,28050
526,28050
526,28050
526,28050
526,28050
526,28050
526,28050
526,28050
526,28050
526,28050
526,28050
526,28050
526,28050
526,28050
526,28050
526,28050
526,28050
526,28050
526,28050
526,28050
526,28050
526,28050
526,28050
526,28050
526,28050
526,28050
526,28050
526,28050
526,28050
526,28050
526,28050
526,28050
526,28050
526,28050
526,28050
526,28050
526,28050
526,28050
526,28050
526,28050
526,28050
526,28050
526,28050
527,28050
527,28050
527,28050
527,28050
527,28050
527,28050
527,28050
527,28050
527,28050
527,28050
527,28050
527,28050
527,28050
527,28050
527,28050
527,28050
527,28050
527,28050
527,28050
527,28050
527,28050
527,28050
527,28050
527,28050
527,28050
527,28050
527,28050
527,28050
527,28050
527,28050
527,28050
527,28050
527,28050
527,28050
527,28050
527,28050
527,28050
527,28050
527,28050
527,28050
527,28050
527,28050
527,28050
527,28050
527,28050
527,28050
527,28050
527,28050
527,28050
527,28050
527,28050
528,150
528,150
528,150
528,150
528,150
528,150
528,150
528,150
528,150
528,150
528,150
528,150
528,150
528,150
528,150
528,150
528,150
528,150
528,150
528,150
528,150
528,150
528,150
528,150
528,150
528,150
528,150
528,150
528,150
528,150
528,150
528,150
528,150
528,150
528,150
528,150
528,150
528,150
528,150
528,150
528,150
528,150
528,150
528,150
528,150
528,150
528,150
528,150
528,150
528,150
530,28050
530,28050
530,28050
530,28050
530,28050
530,28050
530,28050
530,28050
530,28050
530,28050
530,28050
530,28050
530,28050
530,28050
530,28050
530,28050
530,28050
530,28050
530,28050
530,28050
530,28050
530,28050
530,28050
530,28050
530,28050
530,28050
530,28050
530,28050
530,28050
530,28050
530,28050
530,28050
530,28050
530,28050
530,28050
530,28050
530,28050
530,28050
530,28050
530,28050
530,28050
530,28050
530,28050
530,28050
530,28050
530,28050
530,28050
530,28050
530,28050
530,28050
530,28050
535,23100
535,23100
535,23100
535,23100
535,23100
535,23100
535,23100
535,23100
535,23100
535,23100
535,23100
535,23100
535,23100
535,23100
535,23100
535,23100
535,23100
535,23100
535,23100
535,23100
535,23100
535,23100
535,23100
535,23100
535,23100
535,23100
535,23100
535,23100
535,23100
535,23100
535,23100
535,23100
535,23100
535,23100
535,23100
535,23100
535,23100
535,23100
535,23100
535,23100
535,23100
535,23100
679,45650
679,45650
679,45650
679,45650
679,45650
679,45650
679,45650
679,45650
679,45650
679,45650
679,45650
679,45650
679,45650
679,45650
679,45650
679,45650
679,45650
679,45650
679,45650
679,45650
679,45650
679,45650
679,45650
679,45650
679,45650
679,45650
679,45650
679,45650
679,45650
679,45650
679,45650
679,45650
679,45650
679,45650
679,45650
679,45650
679,45650
679,45650
679,45650
679,45650
679,45650
679,45650
679,45650
679,45650
679,45650
679,45650
679,45650
679,45650
679,45650
679,45650
679,45650
679,45650
679,45650
679,45650
679,45650
679,45650
679,45650
679,45650
679,45650
679,45650
679,45650
679,45650
679,45650
679,45650
679,45650
679,45650
679,45650
679,45650
679,45650
679,45650
679,45650
679,45650
679,45650
679,45650
679,45650
679,45650
679,45650
679,45650
679,45650
679,45650
679,45650
679,45650
679,45650
707,25
708,25
709,150
710,150
711,300
712,630
713,600
714,350
715,100
716,750
841,300
842,225
843,75
844,300
845,250
846,175
847,150
848,150
849,5000
850,5000
851,5000
852,750
853,750
854,750
855,1050
856,1000
857,1000
858,700
859,700
860,700
861,900
862,900
863,900
864,1250
865,3750
865,3750
865,3750
866,2500
866,2500
867,2000
868,2000
869,2000
870,1500
871,500
872,1000
873,8000
874,8000
875,8000
876,250
877,150
878,150
879,400
880,1000
881,6000
882,6000
883,6000
884,6000
907,27500
907,27500
907,27500
907,27500
907,27500
907,27500
907,27500
907,27500
907,27500
907,27500
907,27500
907,27500
907,27500
907,27500
907,27500
907,27500
907,27500
907,27500
907,27500
907,27500
907,27500
907,27500
907,27500
907,27500
907,27500
907,27500
907,27500
907,27500
907,27500
907,27500
907,27500
907,27500
907,27500
907,27500
907,27500
907,27500
907,27500
907,27500
907,27500
907,27500
907,27500
907,27500
907,27500
907,27500
907,27500
907,27500
907,27500
907,27500
907,27500
907,27500
908,33550
908,33550
908,33550
908,33550
908,33550
908,33550
908,33550
908,33550
908,33550
908,33550
908,33550
908,33550
908,33550
908,33550
908,33550
908,33550
908,33550
908,33550
908,33550
908,33550
908,33550
908,33550
908,33550
908,33550
908,33550
908,33550
908,33550
908,33550
908,33550
908,33550
908,33550
908,33550
908,33550
908,33550
908,33550
908,33550
908,33550
908,33550
908,33550
908,33550
908,33550
908,33550
908,33550
908,33550
908,33550
908,33550
908,33550
908,33550
908,33550
908,33550
908,33550
908,33550
908,33550
908,33550
908,33550
908,33550
908,33550
908,33550
908,33550
908,33550
908,33550
909,33550
909,33550
909,33550
909,33550
909,33550
909,33550
909,33550
909,33550
909,33550
909,33550
909,33550
909,33550
909,33550
909,33550
909,33550
909,33550
909,33550
909,33550
909,33550
909,33550
909,33550
909,33550
909,33550
909,33550
909,33550
909,33550
909,33550
909,33550
909,33550
909,33550
909,33550
909,33550
909,33550
909,33550
909,33550
909,33550
909,33550
909,33550
909,33550
909,33550
909,33550
909,33550
909,33550
909,33550
909,33550
909,33550
909,33550
909,33550
909,33550
909,33550
909,33550
909,33550
909,33550
909,33550
909,33550
909,33550
909,33550
909,33550
909,33550
909,33550
909,33550
910,39050
910,39050
910,39050
910,39050
910,39050
910,39050
910,39050
910,39050
910,39050
910,39050
910,39050
910,39050
910,39050
910,39050
910,39050
910,39050
910,39050
910,39050
910,39050
910,39050
910,39050
910,39050
910,39050
910,39050
910,39050
910,39050
910,39050
910,39050
910,39050
910,39050
910,39050
910,39050
910,39050
910,39050
910,39050
910,39050
910,39050
910,39050
910,39050
910,39050
910,39050
910,39050
910,39050
910,39050
910,39050
910,39050
910,39050
910,39050
910,39050
910,39050
910,39050
910,39050
910,39050
910,39050
910,39050
910,39050
910,39050
910,39050
910,39050
910,39050
910,39050
910,39050
910,39050
910,39050
910,39050
910,39050
910,39050
910,39050
910,39050
910,39050
910,39050
911,39050
911,39050
911,39050
911,39050
911,39050
911,39050
911,39050
911,39050
911,39050
911,39050
911,39050
911,39050
911,39050
911,39050
911,39050
911,39050
911,39050
911,39050
911,39050
911,39050
911,39050
911,39050
911,39050
911,39050
911,39050
911,39050
911,39050
911,39050
911,39050
911,39050
911,39050
911,39050
911,39050
911,39050
911,39050
911,39050
911,39050
911,39050
911,39050
911,39050
911,39050
911,39050
911,39050
911,39050
911,39050
911,39050
911,39050
911,39050
911,39050
911,39050
911,39050
911,39050
911,39050
911,39050
911,39050
911,39050
911,39050
911,39050
911,39050
911,39050
911,39050
911,39050
911,39050
911,39050
911,39050
911,39050
911,39050
911,39050
911,39050
911,39050
911,39050
912,39050
912,39050
912,39050
912,39050
912,39050
912,39050
912,39050
912,39050
912,39050
912,39050
912,39050
912,39050
912,39050
912,39050
912,39050
912,39050
912,39050
912,39050
912,39050
912,39050
912,39050
912,39050
912,39050
912,39050
912,39050
912,39050
912,39050
912,39050
912,39050
912,39050
912,39050
912,39050
912,39050
912,39050
912,39050
912,39050
912,39050
912,39050
912,39050
912,39050
912,39050
912,39050
912,39050
912,39050
912,39050
912,39050
912,39050
912,39050
912,39050
912,39050
912,39050
912,39050
912,39050
912,39050
912,39050
912,39050
912,39050
912,39050
912,39050
912,39050
912,39050
912,39050
912,39050
912,39050
912,39050
912,39050
912,39050
912,39050
912,39050
912,39050
912,39050
913,33550
913,33550
913,33550
913,33550
913,33550
913,33550
913,33550
913,33550
913,33550
913,33550
913,33550
913,33550
913,33550
913,33550
913,33550
913,33550
913,33550
913,33550
913,33550
913,33550
913,33550
913,33550
913,33550
913,33550
913,33550
913,33550
913,33550
913,33550
913,33550
913,33550
913,33550
913,33550
913,33550
913,33550
913,33550
913,33550
913,33550
913,33550
913,33550
913,33550
913,33550
913,33550
913,33550
913,33550
913,33550
913,33550
913,33550
913,33550
913,33550
913,33550
913,33550
913,33550
913,33550
913,33550
913,33550
913,33550
913,33550
913,33550
913,33550
913,33550
913,33550
914,22000
914,22000
914,22000
914,22000
914,22000
914,22000
914,22000
914,22000
914,22000
914,22000
914,22000
914,22000
914,22000
914,22000
914,22000
914,22000
914,22000
914,22000
914,22000
914,22000
914,22000
914,22000
914,22000
914,22000
914,22000
914,22000
914,22000
914,22000
914,22000
914,22000
914,22000
914,22000
914,22000
914,22000
914,22000
914,22000
914,22000
914,22000
914,22000
914,22000
915,22000
915,22000
915,22000
915,22000
915,22000
915,22000
915,22000
915,22000
915,22000
915,22000
915,22000
915,22000
915,22000
915,22000
915,22000
915,22000
915,22000
915,22000
915,22000
915,22000
915,22000
915,22000
915,22000
915,22000
915,22000
915,22000
915,22000
915,22000
915,22000
915,22000
915,22000
915,22000
915,22000
915,22000
915,22000
915,22000
915,22000
915,22000
915,22000
915,22000
916,21450
916,21450
916,21450
916,21450
916,21450
916,21450
916,21450
916,21450
916,21450
916,21450
916,21450
916,21450
916,21450
916,21450
916,21450
916,21450
916,21450
916,21450
916,21450
916,21450
916,21450
916,21450
916,21450
916,21450
916,21450
916,21450
916,21450
916,21450
916,21450
916,21450
916,21450
916,21450
916,21450
916,21450
916,21450
916,21450
916,21450
916,21450
916,21450
921,27500
921,27500
921,27500
921,27500
921,27500
921,27500
921,27500
921,27500
921,27500
921,27500
921,27500
921,27500
921,27500
921,27500
921,27500
921,27500
921,27500
921,27500
921,27500
921,27500
921,27500
921,27500
921,27500
921,27500
921,27500
921,27500
921,27500
921,27500
921,27500
921,27500
921,27500
921,27500
921,27500
921,27500
921,27500
921,27500
921,27500
921,27500
921,27500
921,27500
921,27500
921,27500
921,27500
921,27500
921,27500
921,27500
921,27500
921,27500
921,27500
921,27500
922,19800
922,19800
922,19800
922,19800
922,19800
922,19800
922,19800
922,19800
922,19800
922,19800
922,19800
922,19800
922,19800
922,19800
922,19800
922,19800
922,19800
922,19800
922,19800
922,19800
922,19800
922,19800
922,19800
922,19800
922,19800
922,19800
922,19800
922,19800
922,19800
922,19800
922,19800
922,19800
922,19800
922,19800
922,19800
922,19800
923,19800
923,19800
923,19800
923,19800
923,19800
923,19800
923,19800
923,19800
923,19800
923,19800
923,19800
923,19800
923,19800
923,19800
923,19800
923,19800
923,19800
923,19800
923,19800
923,19800
923,19800
923,19800
923,19800
923,19800
923,19800
923,19800
923,19800
923,19800
923,19800
923,19800
923,19800
923,19800
923,19800
923,19800
923,19800
923,19800
928,48950
928,48950
928,48950
928,48950
928,48950
928,48950
928,48950
928,48950
928,48950
928,48950
928,48950
928,48950
928,48950
928,48950
928,48950
928,48950
928,48950
928,48950
928,48950
928,48950
928,48950
928,48950
928,48950
928,48950
928,48950
928,48950
928,48950
928,48950
928,48950
928,48950
928,48950
928,48950
928,48950
928,48950
928,48950
928,48950
928,48950
928,48950
928,48950
928,48950
928,48950
928,48950
928,48950
928,48950
928,48950
928,48950
928,48950
928,48950
928,48950
928,48950
928,48950
928,48950
928,48950
928,48950
928,48950
928,48950
928,48950
928,48950
928,48950
928,48950
928,48950
928,48950
928,48950
928,48950
928,48950
928,48950
928,48950
928,48950
928,48950
928,48950
928,48950
928,48950
928,48950
928,48950
928,48950
928,48950
928,48950
928,48950
928,48950
928,48950
928,48950
928,48950
928,48950
928,48950
928,48950
928,48950
928,48950
928,48950
928,48950
929,48950
929,48950
929,48950
929,48950
929,48950
929,48950
929,48950
929,48950
929,48950
929,48950
929,48950
929,48950
929,48950
929,48950
929,48950
929,48950
929,48950
929,48950
929,48950
929,48950
929,48950
929,48950
929,48950
929,48950
929,48950
929,48950
929,48950
929,48950
929,48950
929,48950
929,48950
929,48950
929,48950
929,48950
929,48950
929,48950
929,48950
929,48950
929,48950
929,48950
929,48950
929,48950
929,48950
929,48950
929,48950
929,48950
929,48950
929,48950
929,48950
929,48950
929,48950
929,48950
929,48950
929,48950
929,48950
929,48950
929,48950
929,48950
929,48950
929,48950
929,48950
929,48950
929,48950
929,48950
929,48950
929,48950
929,48950
929,48950
929,48950
929,48950
929,48950
929,48950
929,48950
929,48950
929,48950
929,48950
929,48950
929,48950
929,48950
929,48950
929,48950
929,48950
929,48950
929,48950
929,48950
929,48950
929,48950
929,48950
929,48950
930,48950
930,48950
930,48950
930,48950
930,48950
930,48950
930,48950
930,48950
930,48950
930,48950
930,48950
930,48950
930,48950
930,48950
930,48950
930,48950
930,48950
930,48950
930,48950
930,48950
930,48950
930,48950
930,48950
930,48950
930,48950
930,48950
930,48950
930,48950
930,48950
930,48950
930,48950
930,48950
930,48950
930,48950
930,48950
930,48950
930,48950
930,48950
930,48950
930,48950
930,48950
930,48950
930,48950
930,48950
930,48950
930,48950
930,48950
930,48950
930,48950
930,48950
930,48950
930,48950
930,48950
930,48950
930,48950
930,48950
930,48950
930,48950
930,48950
930,48950
930,48950
930,48950
930,48950
930,48950
930,48950
930,48950
930,48950
930,48950
930,48950
930,48950
930,48950
930,48950
930,48950
930,48950
930,48950
930,48950
930,48950
930,48950
930,48950
930,48950
930,48950
930,48950
930,48950
930,48950
930,48950
930,48950
930,48950
930,48950
930,48950
931,47300
931,47300
931,47300
931,47300
931,47300
931,47300
931,47300
931,47300
931,47300
931,47300
931,47300
931,47300
931,47300
931,47300
931,47300
931,47300
931,47300
931,47300
931,47300
931,47300
931,47300
931,47300
931,47300
931,47300
931,47300
931,47300
931,47300
931,47300
931,47300
931,47300
931,47300
931,47300
931,47300
931,47300
931,47300
931,47300
931,47300
931,47300
931,47300
931,47300
931,47300
931,47300
931,47300
931,47300
931,47300
931,47300
931,47300
931,47300
931,47300
931,47300
931,47300
931,47300
931,47300
931,47300
931,47300
931,47300
931,47300
931,47300
931,47300
931,47300
931,47300
931,47300
931,47300
931,47300
931,47300
931,47300
931,47300
931,47300
931,47300
931,47300
931,47300
931,47300
931,47300
931,47300
931,47300
931,47300
931,47300
931,47300
931,47300
931,47300
931,47300
931,47300
931,47300
931,47300
931,47300
931,47300
932,47300
932,47300
932,47300
932,47300
932,47300
932,47300
932,47300
932,47300
932,47300
932,47300
932,47300
932,47300
932,47300
932,47300
932,47300
932,47300
932,47300
932,47300
932,47300
932,47300
932,47300
932,47300
932,47300
932,47300
932,47300
932,47300
932,47300
932,47300
932,47300
932,47300
932,47300
932,47300
932,47300
932,47300
932,47300
932,47300
932,47300
932,47300
932,47300
932,47300
932,47300
932,47300
932,47300
932,47300
932,47300
932,47300
932,47300
932,47300
932,47300
932,47300
932,47300
932,47300
932,47300
932,47300
932,47300
932,47300
932,47300
932,47300
932,47300
932,47300
932,47300
932,47300
932,47300
932,47300
932,47300
932,47300
932,47300
932,47300
932,47300
932,47300
932,47300
932,47300
932,47300
932,47300
932,47300
932,47300
932,47300
932,47300
932,47300
932,47300
932,47300
932,47300
932,47300
932,47300
932,47300
932,47300
933,39050
933,39050
933,39050
933,39050
933,39050
933,39050
933,39050
933,39050
933,39050
933,39050
933,39050
933,39050
933,39050
933,39050
933,39050
933,39050
933,39050
933,39050
933,39050
933,39050
933,39050
933,39050
933,39050
933,39050
933,39050
933,39050
933,39050
933,39050
933,39050
933,39050
933,39050
933,39050
933,39050
933,39050
933,39050
933,39050
933,39050
933,39050
933,39050
933,39050
933,39050
933,39050
933,39050
933,39050
933,39050
933,39050
933,39050
933,39050
933,39050
933,39050
933,39050
933,39050
933,39050
933,39050
933,39050
933,39050
933,39050
933,39050
933,39050
933,39050
933,39050
933,39050
933,39050
933,39050
933,39050
933,39050
933,39050
933,39050
933,39050
933,39050
933,39050
934,39050
934,39050
934,39050
934,39050
934,39050
934,39050
934,39050
934,39050
934,39050
934,39050
934,39050
934,39050
934,39050
934,39050
934,39050
934,39050
934,39050
934,39050
934,39050
934,39050
934,39050
934,39050
934,39050
934,39050
934,39050
934,39050
934,39050
934,39050
934,39050
934,39050
934,39050
934,39050
934,39050
934,39050
934,39050
934,39050
934,39050
934,39050
934,39050
934,39050
934,39050
934,39050
934,39050
934,39050
934,39050
934,39050
934,39050
934,39050
934,39050
934,39050
934,39050
934,39050
934,39050
934,39050
934,39050
934,39050
934,39050
934,39050
934,39050
934,39050
934,39050
934,39050
934,39050
934,39050
934,39050
934,39050
934,39050
934,39050
934,39050
934,39050
934,39050
935,56100
935,56100
935,56100
935,56100
935,56100
935,56100
935,56100
935,56100
935,56100
935,56100
935,56100
935,56100
935,56100
935,56100
935,56100
935,56100
935,56100
935,56100
935,56100
935,56100
935,56100
935,56100
935,56100
935,56100
935,56100
935,56100
935,56100
935,56100
935,56100
935,56100
935,56100
935,56100
935,56100
935,56100
935,56100
935,56100
935,56100
935,56100
935,56100
935,56100
935,56100
935,56100
935,56100
935,56100
935,56100
935,56100
935,56100
935,56100
935,56100
935,56100
935,56100
935,56100
935,56100
935,56100
935,56100
935,56100
935,56100
935,56100
935,56100
935,56100
935,56100
935,56100
935,56100
935,56100
935,56100
935,56100
935,56100
935,56100
935,56100
935,56100
935,56100
935,56100
935,56100
935,56100
935,56100
935,56100
935,56100
935,56100
935,56100
935,56100
935,56100
935,56100
935,56100
935,56100
935,56100
935,56100
935,56100
935,56100
935,56100
935,56100
935,56100
935,56100
935,56100
935,56100
935,56100
935,56100
935,56100
935,56100
935,56100
935,56100
935,56100
935,56100
936,56100
936,56100
936,56100
936,56100
936,56100
936,56100
936,56100
936,56100
936,56100
936,56100
936,56100
936,56100
936,56100
936,56100
936,56100
936,56100
936,56100
936,56100
936,56100
936,56100
936,56100
936,56100
936,56100
936,56100
936,56100
936,56100
936,56100
936,56100
936,56100
936,56100
936,56100
936,56100
936,56100
936,56100
936,56100
936,56100
936,56100
936,56100
936,56100
936,56100
936,56100
936,56100
936,56100
936,56100
936,56100
936,56100
936,56100
936,56100
936,56100
936,56100
936,56100
936,56100
936,56100
936,56100
936,56100
936,56100
936,56100
936,56100
936,56100
936,56100
936,56100
936,56100
936,56100
936,56100
936,56100
936,56100
936,56100
936,56100
936,56100
936,56100
936,56100
936,56100
936,56100
936,56100
936,56100
936,56100
936,56100
936,56100
936,56100
936,56100
936,56100
936,56100
936,56100
936,56100
936,56100
936,56100
936,56100
936,56100
936,56100
936,56100
936,56100
936,56100
936,56100
936,56100
936,56100
936,56100
936,56100
936,56100
936,56100
936,56100
936,56100
936,56100
937,28050
937,28050
937,28050
937,28050
937,28050
937,28050
937,28050
937,28050
937,28050
937,28050
937,28050
937,28050
937,28050
937,28050
937,28050
937,28050
937,28050
937,28050
937,28050
937,28050
937,28050
937,28050
937,28050
937,28050
937,28050
937,28050
937,28050
937,28050
937,28050
937,28050
937,28050
937,28050
937,28050
937,28050
937,28050
937,28050
937,28050
937,28050
937,28050
937,28050
937,28050
937,28050
937,28050
937,28050
937,28050
937,28050
937,28050
937,28050
937,28050
937,28050
937,28050
938,49500
938,49500
938,49500
938,49500
938,49500
938,49500
938,49500
938,49500
938,49500
938,49500
938,49500
938,49500
938,49500
938,49500
938,49500
938,49500
938,49500
938,49500
938,49500
938,49500
938,49500
938,49500
938,49500
938,49500
938,49500
938,49500
938,49500
938,49500
938,49500
938,49500
938,49500
938,49500
938,49500
938,49500
938,49500
938,49500
938,49500
938,49500
938,49500
938,49500
938,49500
938,49500
938,49500
938,49500
938,49500
938,49500
938,49500
938,49500
938,49500
938,49500
938,49500
938,49500
938,49500
938,49500
938,49500
938,49500
938,49500
938,49500
938,49500
938,49500
938,49500
938,49500
938,49500
938,49500
938,49500
938,49500
938,49500
938,49500
938,49500
938,49500
938,49500
938,49500
938,49500
938,49500
938,49500
938,49500
938,49500
938,49500
938,49500
938,49500
938,49500
938,49500
938,49500
938,49500
938,49500
938,49500
938,49500
938,49500
938,49500
938,49500
939,49500
939,49500
939,49500
939,49500
939,49500
939,49500
939,49500
939,49500
939,49500
939,49500
939,49500
939,49500
939,49500
939,49500
939,49500
939,49500
939,49500
939,49500
939,49500
939,49500
939,49500
939,49500
939,49500
939,49500
939,49500
939,49500
939,49500
939,49500
939,49500
939,49500
939,49500
939,49500
939,49500
939,49500
939,49500
939,49500
939,49500
939,49500
939,49500
939,49500
939,49500
939,49500
939,49500
939,49500
939,49500
939,49500
939,49500
939,49500
939,49500
939,49500
939,49500
939,49500
939,49500
939,49500
939,49500
939,49500
939,49500
939,49500
939,49500
939,49500
939,49500
939,49500
939,49500
939,49500
939,49500
939,49500
939,49500
939,49500
939,49500
939,49500
939,49500
939,49500
939,49500
939,49500
939,49500
939,49500
939,49500
939,49500
939,49500
939,49500
939,49500
939,49500
939,49500
939,49500
939,49500
939,49500
939,49500
939,49500
939,49500
939,49500
940,23100
940,23100
940,23100
940,23100
940,23100
940,23100
940,23100
940,23100
940,23100
940,23100
940,23100
940,23100
940,23100
940,23100
940,23100
940,23100
940,23100
940,23100
940,23100
940,23100
940,23100
940,23100
940,23100
940,23100
940,23100
940,23100
940,23100
940,23100
940,23100
940,23100
940,23100
940,23100
940,23100
940,23100
940,23100
940,23100
940,23100
940,23100
940,23100
940,23100
940,23100
940,23100
941,28050
941,28050
941,28050
941,28050
941,28050
941,28050
941,28050
941,28050
941,28050
941,28050
941,28050
941,28050
941,28050
941,28050
941,28050
941,28050
941,28050
941,28050
941,28050
941,28050
941,28050
941,28050
941,28050
941,28050
941,28050
941,28050
941,28050
941,28050
941,28050
941,28050
941,28050
941,28050
941,28050
941,28050
941,28050
941,28050
941,28050
941,28050
941,28050
941,28050
941,28050
941,28050
941,28050
941,28050
941,28050
941,28050
941,28050
941,28050
941,28050
941,28050
941,28050
948,27500
948,27500
948,27500
948,27500
948,27500
948,27500
948,27500
948,27500
948,27500
948,27500
948,27500
948,27500
948,27500
948,27500
948,27500
948,27500
948,27500
948,27500
948,27500
948,27500
948,27500
948,27500
948,27500
948,27500
948,27500
948,27500
948,27500
948,27500
948,27500
948,27500
948,27500
948,27500
948,27500
948,27500
948,27500
948,27500
948,27500
948,27500
948,27500
948,27500
948,27500
948,27500
948,27500
948,27500
948,27500
948,27500
948,27500
948,27500
948,27500
948,27500
952,3000
952,3000
952,3000
952,3000
952,3000
952,3000
952,3000
952,3000
952,3000
952,3000
952,3000
952,3000
952,3000
952,3000
952,3000
952,3000
952,3000
952,3000
952,3000
952,3000
952,3000
952,3000
952,3000
952,3000
952,3000
952,3000
952,3000
952,3000
952,3000
952,3000
952,3000
952,3000
952,3000
952,3000
952,3000
952,3000
952,3000
952,3000
952,3000
952,3000
952,3000
952,3000
952,3000
952,3000
952,3000
952,3000
952,3000
952,3000
952,3000
952,3000
